URL_ID,URL,AVG SENTENCE LENGTH,PERCENTAGE OF COMPLEX WORDS,AVG NUMBER OF WORDS PER SENTENCE,COMPLEX WORD COUNT,WORD COUNT,SYLLABLE PER WORD,AVG WORD LENGTH
blackassign0001,https://insights.blackcoffer.com/rising-it-cities-and-its-impact-on-the-economy-environment-infrastructure-and-city-life-by-the-year-2040-2/,320.0,0.296875,320.0,95,320,2.1375,6.784375
blackassign0002,https://insights.blackcoffer.com/rising-it-cities-and-their-impact-on-the-economy-environment-infrastructure-and-city-life-in-future/,972.0,0.35905349794238683,972.0,349,972,2.2448559670781894,7.19238683127572
blackassign0003,https://insights.blackcoffer.com/internet-demands-evolution-communication-impact-and-2035s-alternative-pathways/,789.0,0.4435994930291508,789.0,350,789,2.5513307984790874,7.91128010139417
blackassign0004,https://insights.blackcoffer.com/rise-of-cybercrime-and-its-effect-in-upcoming-future/,802.0,0.43017456359102246,802.0,345,802,2.453865336658354,7.714463840399002
blackassign0005,https://insights.blackcoffer.com/ott-platform-and-its-impact-on-the-entertainment-industry-in-future/,537.0,0.329608938547486,537.0,177,537,2.212290502793296,7.195530726256983
blackassign0006,https://insights.blackcoffer.com/the-rise-of-the-ott-platform-and-its-impact-on-the-entertainment-industry-by-2040/,1260.0,0.3817460317460317,1260.0,481,1260,2.3634920634920635,7.727777777777778
blackassign0007,https://insights.blackcoffer.com/rise-of-cyber-crime-and-its-effects/,673.0,0.3462109955423477,673.0,233,673,2.208023774145617,6.989598811292719
blackassign0008,https://insights.blackcoffer.com/rise-of-internet-demand-and-its-impact-on-communications-and-alternatives-by-the-year-2035-2/,630.0,0.44126984126984126,630.0,278,630,2.56031746031746,7.853968253968254
blackassign0009,https://insights.blackcoffer.com/rise-of-cybercrime-and-its-effect-by-the-year-2040-2/,763.0,0.4338138925294889,763.0,331,763,2.524246395806029,7.8283093053735255
blackassign0010,https://insights.blackcoffer.com/rise-of-cybercrime-and-its-effect-by-the-year-2040/,930.0,0.443010752688172,930.0,412,930,2.401075268817204,7.623655913978495
blackassign0011,https://insights.blackcoffer.com/rise-of-internet-demand-and-its-impact-on-communications-and-alternatives-by-the-year-2035/,968.0,0.41838842975206614,968.0,405,968,2.428719008264463,7.621900826446281
blackassign0012,https://insights.blackcoffer.com/rise-of-telemedicine-and-its-impact-on-livelihood-by-2040-3-2/,1125.0,0.27111111111111114,1125.0,305,1125,2.089777777777778,7.368
blackassign0013,https://insights.blackcoffer.com/rise-of-e-health-and-its-impact-on-humans-by-the-year-2030/,458.0,0.39737991266375544,458.0,182,458,2.3842794759825328,7.598253275109171
blackassign0014,https://insights.blackcoffer.com/rise-of-e-health-and-its-imapct-on-humans-by-the-year-2030-2/,739.0,0.3301759133964817,739.0,244,739,2.1556156968876863,7.027063599458728
blackassign0015,https://insights.blackcoffer.com/rise-of-telemedicine-and-its-impact-on-livelihood-by-2040-2/,862.0,0.3074245939675174,862.0,265,862,2.1160092807424595,7.129930394431555
blackassign0016,https://insights.blackcoffer.com/rise-of-telemedicine-and-its-impact-on-livelihood-by-2040-2-2/,862.0,0.3074245939675174,862.0,265,862,2.1160092807424595,7.129930394431555
blackassign0017,https://insights.blackcoffer.com/rise-of-chatbots-and-its-impact-on-customer-support-by-the-year-2040/,784.0,0.33035714285714285,784.0,259,784,2.2206632653061225,7.218112244897959
blackassign0018,https://insights.blackcoffer.com/rise-of-e-health-and-its-imapct-on-humans-by-the-year-2030/,730.0,0.36712328767123287,730.0,268,730,2.26986301369863,7.3493150684931505
blackassign0019,https://insights.blackcoffer.com/how-does-marketing-influence-businesses-and-consumers/,1060.0,0.35094339622641507,1060.0,372,1060,2.2,7.189622641509434
blackassign0020,https://insights.blackcoffer.com/how-advertisement-increase-your-market-value/,394.0,0.31218274111675126,394.0,123,394,2.220812182741117,7.053299492385787
blackassign0021,https://insights.blackcoffer.com/negative-effects-of-marketing-on-society/,738.0,0.37262872628726285,738.0,275,738,2.279132791327913,7.338753387533876
blackassign0022,https://insights.blackcoffer.com/how-advertisement-marketing-affects-business/,347.0,0.34293948126801155,347.0,119,347,2.2190201729106627,7.121037463976945
blackassign0023,https://insights.blackcoffer.com/rising-it-cities-will-impact-the-economy-environment-infrastructure-and-city-life-by-the-year-2035/,886.0,0.27313769751693,886.0,242,886,2.084650112866817,6.823927765237021
blackassign0024,https://insights.blackcoffer.com/rise-of-ott-platform-and-its-impact-on-entertainment-industry-by-the-year-2030/,454.0,0.31718061674008813,454.0,144,454,2.182819383259912,7.0198237885462555
blackassign0025,https://insights.blackcoffer.com/rise-of-electric-vehicles-and-its-impact-on-livelihood-by-2040/,698.0,0.22779369627507162,698.0,159,698,1.9398280802292263,6.348137535816619
blackassign0026,https://insights.blackcoffer.com/rise-of-electric-vehicle-and-its-impact-on-livelihood-by-the-year-2040/,659.0,0.30500758725341426,659.0,201,659,2.12443095599393,6.822458270106222
blackassign0027,https://insights.blackcoffer.com/oil-prices-by-the-year-2040-and-how-it-will-impact-the-world-economy/,819.0,0.25518925518925517,819.0,209,819,1.9523809523809523,6.4041514041514045
blackassign0028,https://insights.blackcoffer.com/an-outlook-of-healthcare-by-the-year-2040-and-how-it-will-impact-human-lives/,732.0,0.31693989071038253,732.0,232,732,2.133879781420765,7.0997267759562845
blackassign0029,https://insights.blackcoffer.com/ai-in-healthcare-to-improve-patient-outcomes/,1247.0,0.3271852445870088,1247.0,408,1247,2.194867682437851,7.145148356054531
blackassign0030,https://insights.blackcoffer.com/what-if-the-creation-is-taking-over-the-creator/,876.0,0.2671232876712329,876.0,234,876,2.0182648401826486,6.617579908675799
blackassign0031,https://insights.blackcoffer.com/what-jobs-will-robots-take-from-humans-in-the-future/,1119.0,0.34763181411974975,1119.0,389,1119,2.265415549597855,7.267202859696157
blackassign0032,https://insights.blackcoffer.com/will-machine-replace-the-human-in-the-future-of-work/,1002.0,0.27644710578842313,1002.0,277,1002,2.0119760479041915,6.500998003992016
blackassign0033,https://insights.blackcoffer.com/will-ai-replace-us-or-work-with-us/,1060.0,0.2952830188679245,1060.0,313,1060,2.1226415094339623,6.842452830188679
blackassign0034,https://insights.blackcoffer.com/man-and-machines-together-machines-are-more-diligent-than-humans-blackcoffe/,781.0,0.30217669654289375,781.0,236,781,2.12291933418694,6.879641485275288
blackassign0035,https://insights.blackcoffer.com/in-future-or-in-upcoming-years-humans-and-machines-are-going-to-work-together-in-every-field-of-work/,537.0,0.30726256983240224,537.0,165,537,2.143389199255121,6.867783985102421
blackassign0036,https://insights.blackcoffer.com/how-neural-networks-can-be-applied-in-various-areas-in-the-future/,148.0,0.38513513513513514,148.0,57,148,2.391891891891892,7.412162162162162
blackassign0037,https://insights.blackcoffer.com/how-machine-learning-will-affect-your-business/,518.0,0.2644787644787645,518.0,137,518,2.0135135135135136,6.602316602316602
blackassign0038,https://insights.blackcoffer.com/deep-learning-impact-on-areas-of-e-learning/,1294.0,0.29134466769706335,1294.0,377,1294,2.097372488408037,6.67774343122102
blackassign0039,https://insights.blackcoffer.com/how-to-protect-future-data-and-its-privacy-blackcoffer/,1178.0,0.2869269949066214,1178.0,338,1178,2.0831918505942273,6.794567062818336
blackassign0040,https://insights.blackcoffer.com/how-machines-ai-automations-and-robo-human-are-effective-in-finance-and-banking/,810.0,0.34074074074074073,810.0,276,810,2.2333333333333334,7.2592592592592595
blackassign0041,https://insights.blackcoffer.com/ai-human-robotics-machine-future-planet-blackcoffer-thinking-jobs-workplace/,859.0,0.2817229336437718,859.0,242,859,2.038416763678696,6.562281722933644
blackassign0042,https://insights.blackcoffer.com/how-ai-will-change-the-world-blackcoffer/,935.0,0.27700534759358286,935.0,259,935,2.116577540106952,6.789304812834224
blackassign0043,https://insights.blackcoffer.com/future-of-work-how-ai-has-entered-the-workplace/,999.0,0.3153153153153153,999.0,315,999,2.1331331331331334,6.792792792792793
blackassign0044,https://insights.blackcoffer.com/ai-tool-alexa-google-assistant-finance-banking-tool-future/,432.0,0.3425925925925926,432.0,148,432,2.247685185185185,7.261574074074074
blackassign0045,https://insights.blackcoffer.com/ai-healthcare-revolution-ml-technology-algorithm-google-analytics-industrialrevolution/,1050.0,0.26761904761904765,1050.0,281,1050,2.020952380952381,6.571428571428571
blackassign0046,https://insights.blackcoffer.com/all-you-need-to-know-about-online-marketing/,553.0,0.34177215189873417,553.0,189,553,2.182640144665461,6.989150090415913
blackassign0047,https://insights.blackcoffer.com/evolution-of-advertising-industry/,547.0,0.3930530164533821,547.0,215,547,2.3126142595978063,7.411334552102376
blackassign0048,https://insights.blackcoffer.com/how-data-analytics-can-help-your-business-respond-to-the-impact-of-covid-19/,241.0,0.37344398340248963,241.0,90,241,2.3029045643153525,7.178423236514523
blackassign0049,https://insights.blackcoffer.com/covid-19-environmental-impact-for-the-future/,148.0,0.38513513513513514,148.0,57,148,2.391891891891892,7.412162162162162
blackassign0050,https://insights.blackcoffer.com/environmental-impact-of-the-covid-19-pandemic-lesson-for-the-future/,886.0,0.29683972911963885,886.0,263,886,2.0880361173814896,6.884875846501129
blackassign0051,https://insights.blackcoffer.com/how-data-analytics-and-ai-are-used-to-halt-the-covid-19-pandemic/,524.0,0.3244274809160305,524.0,170,524,2.127862595419847,6.864503816793893
blackassign0052,https://insights.blackcoffer.com/difference-between-artificial-intelligence-machine-learning-statistics-and-data-mining/,1087.0,0.31646734130634774,1087.0,344,1087,2.092916283348666,6.743330266789329
blackassign0053,https://insights.blackcoffer.com/how-python-became-the-first-choice-for-data-science/,507.0,0.3116370808678501,507.0,158,507,2.171597633136095,7.007889546351085
blackassign0054,https://insights.blackcoffer.com/how-google-fit-measure-heart-and-respiratory-rates-using-a-phone/,356.0,0.26685393258426965,356.0,95,356,2.039325842696629,6.73314606741573
blackassign0055,https://insights.blackcoffer.com/what-is-the-future-of-mobile-apps/,583.0,0.2624356775300172,583.0,153,583,2.0377358490566038,6.548885077186964
blackassign0056,https://insights.blackcoffer.com/impact-of-ai-in-health-and-medicine/,410.0,0.33658536585365856,410.0,138,410,2.182926829268293,6.9609756097560975
blackassign0057,https://insights.blackcoffer.com/telemedicine-what-patients-like-and-dislike-about-it/,328.0,0.3170731707317073,328.0,104,328,2.225609756097561,7.329268292682927
blackassign0058,https://insights.blackcoffer.com/how-we-forecast-future-technologies/,233.0,0.36909871244635195,233.0,86,233,2.3991416309012874,7.44206008583691
blackassign0059,https://insights.blackcoffer.com/can-robots-tackle-late-life-loneliness/,534.0,0.2752808988764045,534.0,147,534,2.0430711610486894,6.649812734082397
blackassign0060,https://insights.blackcoffer.com/embedding-care-robots-into-society-socio-technical-considerations/,239.0,0.30962343096234307,239.0,74,239,2.1673640167364017,6.933054393305439
blackassign0061,https://insights.blackcoffer.com/management-challenges-for-future-digitalization-of-healthcare-services/,528.0,0.3314393939393939,528.0,175,528,2.268939393939394,7.359848484848484
blackassign0062,https://insights.blackcoffer.com/are-we-any-closer-to-preventing-a-nuclear-holocaust/,213.0,0.3380281690140845,213.0,72,213,2.192488262910798,6.976525821596244
blackassign0063,https://insights.blackcoffer.com/will-technology-eliminate-the-need-for-animal-testing-in-drug-development/,315.0,0.33650793650793653,315.0,106,315,2.2,6.920634920634921
blackassign0064,https://insights.blackcoffer.com/will-we-ever-understand-the-nature-of-consciousness/,1097.0,0.3810391978122151,1097.0,418,1097,2.2461257976298996,7.3190519598906105
blackassign0065,https://insights.blackcoffer.com/will-we-ever-colonize-outer-space/,1016.0,0.2637795275590551,1016.0,268,1016,1.9734251968503937,6.5797244094488185
blackassign0066,https://insights.blackcoffer.com/what-is-the-chance-homo-sapiens-will-survive-for-the-next-500-years/,926.0,0.24838012958963282,926.0,230,926,1.9460043196544277,6.518358531317495
blackassign0067,https://insights.blackcoffer.com/why-does-your-business-need-a-chatbot/,505.0,0.2732673267326733,505.0,138,505,2.091089108910891,6.891089108910891
blackassign0068,https://insights.blackcoffer.com/how-you-lead-a-project-or-a-team-without-any-technical-expertise/,792.0,0.28535353535353536,792.0,226,792,2.0202020202020203,6.662878787878788
blackassign0069,https://insights.blackcoffer.com/can-you-be-great-leader-without-technical-expertise/,368.0,0.34782608695652173,368.0,128,368,2.176630434782609,6.9103260869565215
blackassign0070,https://insights.blackcoffer.com/how-does-artificial-intelligence-affect-the-environment/,1033.0,0.2855759922555663,1033.0,295,1033,2.09486931268151,6.787996127783156
blackassign0071,https://insights.blackcoffer.com/how-to-overcome-your-fear-of-making-mistakes-2/,620.0,0.2661290322580645,620.0,165,620,2.02258064516129,6.664516129032258
blackassign0072,https://insights.blackcoffer.com/is-perfection-the-greatest-enemy-of-productivity/,732.0,0.24453551912568305,732.0,179,732,1.924863387978142,6.450819672131147
blackassign0073,https://insights.blackcoffer.com/global-financial-crisis-2008-causes-effects-and-its-solution/,716.0,0.2276536312849162,716.0,163,716,1.9036312849162011,6.335195530726257
blackassign0074,https://insights.blackcoffer.com/gender-diversity-and-equality-in-the-tech-industry/,747.0,0.3467202141900937,747.0,259,747,2.2396251673360106,7.001338688085676
blackassign0075,https://insights.blackcoffer.com/how-to-overcome-your-fear-of-making-mistakes/,633.0,0.2685624012638231,633.0,170,633,2.0347551342812005,6.691943127962086
blackassign0076,https://insights.blackcoffer.com/how-small-business-can-survive-the-coronavirus-crisis/,491.0,0.3095723014256619,491.0,152,491,2.114052953156823,6.743380855397149
blackassign0077,https://insights.blackcoffer.com/impacts-of-covid-19-on-vegetable-vendors-and-food-stalls/,296.0,0.32094594594594594,296.0,95,296,2.2027027027027026,7.043918918918919
blackassign0078,https://insights.blackcoffer.com/impacts-of-covid-19-on-vegetable-vendors/,561.0,0.2887700534759358,561.0,162,561,2.1372549019607843,7.028520499108734
blackassign0079,https://insights.blackcoffer.com/impact-of-covid-19-pandemic-on-tourism-aviation-industries/,804.0,0.2960199004975124,804.0,238,804,2.017412935323383,6.70771144278607
blackassign0080,https://insights.blackcoffer.com/impact-of-covid-19-pandemic-on-sports-events-around-the-world/,2193.0,0.17373461012311903,2193.0,381,2193,1.769265845873233,6.175102599179207
blackassign0081,https://insights.blackcoffer.com/changing-landscape-and-emerging-trends-in-the-indian-it-ites-industry/,1047.0,0.276981852913085,1047.0,290,1047,2.0716332378223496,6.85577841451767
blackassign0082,https://insights.blackcoffer.com/online-gaming-adolescent-online-gaming-effects-demotivated-depression-musculoskeletal-and-psychosomatic-symptoms/,1026.0,0.33723196881091616,1026.0,346,1026,2.172514619883041,7.121832358674464
blackassign0083,https://insights.blackcoffer.com/human-rights-outlook/,212.0,0.33490566037735847,212.0,71,212,2.202830188679245,6.995283018867925
blackassign0084,https://insights.blackcoffer.com/how-voice-search-makes-your-business-a-successful-business/,600.0,0.24166666666666667,600.0,145,600,1.9566666666666668,6.583333333333333
blackassign0085,https://insights.blackcoffer.com/how-the-covid-19-crisis-is-redefining-jobs-and-services/,1036.0,0.31467181467181465,1036.0,326,1036,2.0907335907335907,6.7992277992278
blackassign0086,https://insights.blackcoffer.com/how-to-increase-social-media-engagement-for-marketers/,1055.0,0.27109004739336495,1055.0,286,1055,2.001895734597156,6.674881516587678
blackassign0087,https://insights.blackcoffer.com/impacts-of-covid-19-on-streets-sides-food-stalls/,735.0,0.26258503401360545,735.0,193,735,2.0027210884353743,6.672108843537415
blackassign0088,https://insights.blackcoffer.com/coronavirus-impact-on-energy-markets-2/,1103.0,0.3300090661831369,1103.0,364,1103,2.1795104261106073,6.896645512239347
blackassign0089,https://insights.blackcoffer.com/coronavirus-impact-on-the-hospitality-industry-5/,662.0,0.30362537764350456,662.0,201,662,2.11178247734139,6.812688821752266
blackassign0090,https://insights.blackcoffer.com/lessons-from-the-past-some-key-learnings-relevant-to-the-coronavirus-crisis-4/,762.0,0.2874015748031496,762.0,219,762,2.0341207349081363,6.745406824146982
blackassign0091,https://insights.blackcoffer.com/estimating-the-impact-of-covid-19-on-the-world-of-work-2/,726.0,0.3168044077134986,726.0,230,726,2.1391184573002753,6.81267217630854
blackassign0092,https://insights.blackcoffer.com/estimating-the-impact-of-covid-19-on-the-world-of-work-3/,862.0,0.2865429234338747,862.0,247,862,2.0406032482598606,6.765661252900232
blackassign0093,https://insights.blackcoffer.com/travel-and-tourism-outlook/,235.0,0.31063829787234043,235.0,73,235,2.1361702127659576,6.851063829787234
blackassign0094,https://insights.blackcoffer.com/gaming-disorder-and-effects-of-gaming-on-health/,764.0,0.2683246073298429,764.0,205,764,1.9882198952879582,6.642670157068062
blackassign0095,https://insights.blackcoffer.com/what-is-the-repercussion-of-the-environment-due-to-the-covid-19-pandemic-situation/,497.0,0.2796780684104628,497.0,139,497,2.0482897384305834,6.714285714285714
blackassign0096,https://insights.blackcoffer.com/what-is-the-repercussion-of-the-environment-due-to-the-covid-19-pandemic-situation-2/,767.0,0.3468057366362451,767.0,266,767,2.1838331160365057,7.058670143415906
blackassign0097,https://insights.blackcoffer.com/impact-of-covid-19-pandemic-on-office-space-and-co-working-industries/,653.0,0.29709035222052066,653.0,194,653,2.0474732006125573,6.637059724349157
blackassign0098,https://insights.blackcoffer.com/contribution-of-handicrafts-visual-arts-literature-in-the-indian-economy/,236.0,0.3516949152542373,236.0,83,236,2.233050847457627,7.093220338983051
blackassign0099,https://insights.blackcoffer.com/how-covid-19-is-impacting-payment-preferences/,438.0,0.24885844748858446,438.0,109,438,2.0114155251141552,6.536529680365297
blackassign0100,https://insights.blackcoffer.com/how-will-covid-19-affect-the-world-of-work-2/,627.0,0.32854864433811803,627.0,206,627,2.1738437001594897,6.974481658692185
